{
    "loss": 7.98795747756958,
    "accuracy": 0.690077006816864
}